-- classes table
insert into classes (class_id, course_number, term, section, class_description) values (1, 'cs421', 'f22', 1, 'high-level');
insert into classes (class_id, course_number, term, section, class_description) values (2, 'cs452', 'f23', 1, 'toolset');
insert into classes (class_id, course_number, term, section, class_description) values (3, 'cs410', 's23', 1, 'Total');
insert into classes (class_id, course_number, term, section, class_description) values (4, 'cs410', 's24', 1, 'Organic');
insert into classes (class_id, course_number, term, section, class_description) values (5, 'cs452', 'f22', 1, 'help-desk');
insert into classes (class_id, course_number, term, section, class_description) values (6, 'cs452', 'f23', 2, 'methodical');
insert into classes (class_id, course_number, term, section, class_description) values (7, 'cs410', 'f22', 1, 'Digitized');
insert into classes (class_id, course_number, term, section, class_description) values (8, 'cs421', 'f22', 2, 'Visionary');
insert into classes (class_id, course_number, term, section, class_description) values (9, 'cs421', 'f23', 1, 'Fundamental');
insert into classes (class_id, course_number, term, section, class_description) values (10, 'cs421', 'f23', 2, 'Synergized');

-- categories table
insert into categories (category_id, category_name, weight, class_id) values (1, 'homework', 52, 1);
insert into categories (category_id, category_name, weight, class_id) values (2, 'exams', 13, 1);
insert into categories (category_id, category_name, weight, class_id) values (3, 'homework', 25, 2);
insert into categories (category_id, category_name, weight, class_id) values (4, 'exams', 73, 2);
insert into categories (category_id, category_name, weight, class_id) values (5, 'exams', 16, 3);
insert into categories (category_id, category_name, weight, class_id) values (6, 'projects', 13, 1);
insert into categories (category_id, category_name, weight, class_id) values (7, 'homework', 73, 3);
insert into categories (category_id, category_name, weight, class_id) values (8, 'projects', 54, 2);
insert into categories (category_id, category_name, weight, class_id) values (9, 'homework', 96, 4);
insert into categories (category_id, category_name, weight, class_id) values (10, 'homework', 58, 5);
insert into categories (category_id, category_name, weight, class_id) values (11, 'exams', 95, 4);
insert into categories (category_id, category_name, weight, class_id) values (12, 'projects', 8, 3);
insert into categories (category_id, category_name, weight, class_id) values (13, 'exams', 40, 5);
insert into categories (category_id, category_name, weight, class_id) values (14, 'exams', 8, 6);
insert into categories (category_id, category_name, weight, class_id) values (15, 'exams', 76, 7);
insert into categories (category_id, category_name, weight, class_id) values (16, 'projects', 77, 4);
insert into categories (category_id, category_name, weight, class_id) values (17, 'homework', 27, 6);
insert into categories (category_id, category_name, weight, class_id) values (18, 'homework', 91, 7);
insert into categories (category_id, category_name, weight, class_id) values (19, 'projects', 12, 5);
insert into categories (category_id, category_name, weight, class_id) values (20, 'homework', 97, 8);

-- students table
insert into students (student_id, username, student_firstname, student_lastname) values (1, 'cnutkins0', 'Clarey', 'Nutkins');
insert into students (student_id, username, student_firstname, student_lastname) values (2, 'rspencer1', 'Rosalynd', 'Spencer');
insert into students (student_id, username, student_firstname, student_lastname) values (3, 'nsidgwick2', 'Nickey', 'Sidgwick');
insert into students (student_id, username, student_firstname, student_lastname) values (4, 'gcullerne3', 'Gilberta', 'Cullerne');
insert into students (student_id, username, student_firstname, student_lastname) values (5, 'iantowski4', 'Ingaberg', 'Antowski');
insert into students (student_id, username, student_firstname, student_lastname) values (6, 'rsimchenko5', 'Reinaldos', 'Simchenko');
insert into students (student_id, username, student_firstname, student_lastname) values (7, 'cdizlie6', 'Cynthia', 'Dizlie');
insert into students (student_id, username, student_firstname, student_lastname) values (8, 'tconnichie7', 'Tailor', 'Connichie');
insert into students (student_id, username, student_firstname, student_lastname) values (9, 'smacgee8', 'Shaughn', 'MacGee');
insert into students (student_id, username, student_firstname, student_lastname) values (10, 'vparsons9', 'Vinny', 'Parsons');
insert into students (student_id, username, student_firstname, student_lastname) values (11, 'kmackisona', 'Kris', 'Mackison');
insert into students (student_id, username, student_firstname, student_lastname) values (12, 'snaullsb', 'Shelton', 'Naulls');
insert into students (student_id, username, student_firstname, student_lastname) values (13, 'btoffolinic', 'Bordie', 'Toffolini');
insert into students (student_id, username, student_firstname, student_lastname) values (14, 'vgriersond', 'Van', 'Grierson');
insert into students (student_id, username, student_firstname, student_lastname) values (15, 'fpricharde', 'Frieda', 'Prichard');
insert into students (student_id, username, student_firstname, student_lastname) values (16, 'bdupreyf', 'Brenna', 'Duprey');
insert into students (student_id, username, student_firstname, student_lastname) values (17, 'bsketcherg', 'Bil', 'Sketcher');
insert into students (student_id, username, student_firstname, student_lastname) values (18, 'cboorh', 'Crin', 'Boor');
insert into students (student_id, username, student_firstname, student_lastname) values (19, 'csherrini', 'Caro', 'Sherrin');
insert into students (student_id, username, student_firstname, student_lastname) values (20, 'fdrennanj', 'Francine', 'Drennan');
insert into students (student_id, username, student_firstname, student_lastname) values (21, 'hmorriartyk', 'Hasheem', 'Morriarty');
insert into students (student_id, username, student_firstname, student_lastname) values (22, 'ndorkinl', 'Nikoletta', 'Dorkin');
insert into students (student_id, username, student_firstname, student_lastname) values (23, 'vrickerm', 'Vick', 'Ricker');
insert into students (student_id, username, student_firstname, student_lastname) values (24, 'kfonson', 'Kirbie', 'Fonso');
insert into students (student_id, username, student_firstname, student_lastname) values (25, 'kzoldo', 'Kerk', 'Zold');
insert into students (student_id, username, student_firstname, student_lastname) values (26, 'glinkinp', 'Glory', 'Linkin');
insert into students (student_id, username, student_firstname, student_lastname) values (27, 'twaslinq', 'Thain', 'Waslin');
insert into students (student_id, username, student_firstname, student_lastname) values (28, 'rmcterlaghr', 'Ruth', 'McTerlagh');
insert into students (student_id, username, student_firstname, student_lastname) values (29, 'mspurriars', 'Michele', 'Spurriar');
insert into students (student_id, username, student_firstname, student_lastname) values (30, 'cshambrookt', 'Catharina', 'Shambrook');
insert into students (student_id, username, student_firstname, student_lastname) values (31, 'mnieseu', 'Mia', 'Niese');
insert into students (student_id, username, student_firstname, student_lastname) values (32, 'gleadbitterv', 'Grantley', 'Leadbitter');
insert into students (student_id, username, student_firstname, student_lastname) values (33, 'tkarolowskiw', 'Tanney', 'Karolowski');
insert into students (student_id, username, student_firstname, student_lastname) values (34, 'ocantopherx', 'Othello', 'Cantopher');
insert into students (student_id, username, student_firstname, student_lastname) values (35, 'bsamwaysy', 'Bondy', 'Samways');
insert into students (student_id, username, student_firstname, student_lastname) values (36, 'wdabesz', 'Winonah', 'Dabes');
insert into students (student_id, username, student_firstname, student_lastname) values (37, 'orecher10', 'Ogden', 'Recher');
insert into students (student_id, username, student_firstname, student_lastname) values (38, 'bwillmott11', 'Bryn', 'Willmott');
insert into students (student_id, username, student_firstname, student_lastname) values (39, 'fstammer12', 'Felicio', 'Stammer');
insert into students (student_id, username, student_firstname, student_lastname) values (40, 'cjeavon13', 'Conrad', 'Jeavon');
insert into students (student_id, username, student_firstname, student_lastname) values (41, 'mwheelan14', 'Morrie', 'Wheelan');
insert into students (student_id, username, student_firstname, student_lastname) values (42, 'aknok15', 'Adele', 'Knok');
insert into students (student_id, username, student_firstname, student_lastname) values (43, 'votter16', 'Violante', 'Otter');
insert into students (student_id, username, student_firstname, student_lastname) values (44, 'chitzmann17', 'Cass', 'Hitzmann');
insert into students (student_id, username, student_firstname, student_lastname) values (45, 'aswansborough18', 'Arnold', 'Swansborough');
insert into students (student_id, username, student_firstname, student_lastname) values (46, 'rfarnfield19', 'Rania', 'Farnfield');
insert into students (student_id, username, student_firstname, student_lastname) values (47, 'gbrokenbrow1a', 'Gwenny', 'Brokenbrow');
insert into students (student_id, username, student_firstname, student_lastname) values (48, 'lblaza1b', 'Lorne', 'Blaza');
insert into students (student_id, username, student_firstname, student_lastname) values (49, 'dkohnemann1c', 'Debera', 'Kohnemann');
insert into students (student_id, username, student_firstname, student_lastname) values (50, 'fjoris1d', 'Fredericka', 'Joris');
insert into students (student_id, username, student_firstname, student_lastname) values (51, 'chulburd1e', 'Carolynn', 'Hulburd');
insert into students (student_id, username, student_firstname, student_lastname) values (52, 'jhargie1f', 'Judd', 'Hargie');
insert into students (student_id, username, student_firstname, student_lastname) values (53, 'mmackellar1g', 'Mateo', 'MacKellar');
insert into students (student_id, username, student_firstname, student_lastname) values (54, 'rdrayn1h', 'Rice', 'Drayn');
insert into students (student_id, username, student_firstname, student_lastname) values (55, 'bchristiensen1i', 'Briant', 'Christiensen');
insert into students (student_id, username, student_firstname, student_lastname) values (56, 'rwindmill1j', 'Romain', 'Windmill');
insert into students (student_id, username, student_firstname, student_lastname) values (57, 'mspinige1k', 'Marina', 'Spinige');
insert into students (student_id, username, student_firstname, student_lastname) values (58, 'ccockett1l', 'Cornall', 'Cockett');
insert into students (student_id, username, student_firstname, student_lastname) values (59, 'rlavall1m', 'Ramon', 'Lavall');
insert into students (student_id, username, student_firstname, student_lastname) values (60, 'hstirland1n', 'Hiram', 'Stirland');
insert into students (student_id, username, student_firstname, student_lastname) values (61, 'lmonroe1o', 'Lyman', 'Monroe');
insert into students (student_id, username, student_firstname, student_lastname) values (62, 'rredsall1p', 'Riobard', 'Redsall');
insert into students (student_id, username, student_firstname, student_lastname) values (63, 'clinnell1q', 'Clarine', 'Linnell');
insert into students (student_id, username, student_firstname, student_lastname) values (64, 'emouncey1r', 'Ezekiel', 'Mouncey');
insert into students (student_id, username, student_firstname, student_lastname) values (65, 'rskillings1s', 'Rosanne', 'Skillings');
insert into students (student_id, username, student_firstname, student_lastname) values (66, 'ecrosio1t', 'Ewen', 'Crosio');
insert into students (student_id, username, student_firstname, student_lastname) values (67, 'qtrouncer1u', 'Quentin', 'Trouncer');
insert into students (student_id, username, student_firstname, student_lastname) values (68, 'bbelfrage1v', 'Brenna', 'Belfrage');
insert into students (student_id, username, student_firstname, student_lastname) values (69, 'fcolliver1w', 'Flossie', 'Colliver');
insert into students (student_id, username, student_firstname, student_lastname) values (70, 'hpalliser1x', 'Harri', 'Palliser');
insert into students (student_id, username, student_firstname, student_lastname) values (71, 'kcostley1y', 'Kym', 'Costley');
insert into students (student_id, username, student_firstname, student_lastname) values (72, 'tspoure1z', 'Tomasine', 'Spoure');
insert into students (student_id, username, student_firstname, student_lastname) values (73, 'dbunch20', 'Dorisa', 'Bunch');
insert into students (student_id, username, student_firstname, student_lastname) values (74, 'myabsley21', 'Maria', 'Yabsley');
insert into students (student_id, username, student_firstname, student_lastname) values (75, 'aaked22', 'Arvin', 'Aked');
insert into students (student_id, username, student_firstname, student_lastname) values (76, 'rharriot23', 'Reinold', 'Harriot');
insert into students (student_id, username, student_firstname, student_lastname) values (77, 'druslin24', 'Darya', 'Ruslin');
insert into students (student_id, username, student_firstname, student_lastname) values (78, 'tgribbin25', 'Tallulah', 'Gribbin');
insert into students (student_id, username, student_firstname, student_lastname) values (79, 'cpavlov26', 'Cathyleen', 'Pavlov');
insert into students (student_id, username, student_firstname, student_lastname) values (80, 'fstockton27', 'Fenelia', 'Stockton');
insert into students (student_id, username, student_firstname, student_lastname) values (81, 'bgransden28', 'Becky', 'Gransden');
insert into students (student_id, username, student_firstname, student_lastname) values (82, 'akarpeev29', 'Amii', 'Karpeev');
insert into students (student_id, username, student_firstname, student_lastname) values (83, 'rrissen2a', 'Ruthe', 'Rissen');
insert into students (student_id, username, student_firstname, student_lastname) values (84, 'rstendell2b', 'Rodger', 'Stendell');
insert into students (student_id, username, student_firstname, student_lastname) values (85, 'mtome2c', 'Michail', 'Tome');
insert into students (student_id, username, student_firstname, student_lastname) values (86, 'bsimonyi2d', 'Barnie', 'Simonyi');
insert into students (student_id, username, student_firstname, student_lastname) values (87, 'yrolles2e', 'Ynes', 'Rolles');
insert into students (student_id, username, student_firstname, student_lastname) values (88, 'alemanu2f', 'Arliene', 'Lemanu');
insert into students (student_id, username, student_firstname, student_lastname) values (89, 'mchristoffersen2g', 'Marv', 'Christoffersen');
insert into students (student_id, username, student_firstname, student_lastname) values (90, 'uwheatman2h', 'Udale', 'Wheatman');
insert into students (student_id, username, student_firstname, student_lastname) values (91, 'gcrowcum2i', 'Gloriane', 'Crowcum');
insert into students (student_id, username, student_firstname, student_lastname) values (92, 'chague2j', 'Curran', 'Hague');
insert into students (student_id, username, student_firstname, student_lastname) values (93, 'pwoodhams2k', 'Pepita', 'Woodhams');
insert into students (student_id, username, student_firstname, student_lastname) values (94, 'ntipler2l', 'Nikola', 'Tipler');
insert into students (student_id, username, student_firstname, student_lastname) values (95, 'oforri2m', 'Obadiah', 'Forri');
insert into students (student_id, username, student_firstname, student_lastname) values (96, 'sdarcy2n', 'Saw', 'd''Arcy');
insert into students (student_id, username, student_firstname, student_lastname) values (97, 'jtwelves2o', 'Josephine', 'Twelves');
insert into students (student_id, username, student_firstname, student_lastname) values (98, 'cwegman2p', 'Christophe', 'Wegman');
insert into students (student_id, username, student_firstname, student_lastname) values (99, 'tbranch2q', 'Toddy', 'Branch');
insert into students (student_id, username, student_firstname, student_lastname) values (100, 'jkobieriecki2r', 'Jordan', 'Kobieriecki');

-- enroll table
insert into enroll (enroll_id, class_id, student_id) values (1, 2, 73);
insert into enroll (enroll_id, class_id, student_id) values (2, 5, 24);
insert into enroll (enroll_id, class_id, student_id) values (3, 8, 69);
insert into enroll (enroll_id, class_id, student_id) values (4, 5, 10);
insert into enroll (enroll_id, class_id, student_id) values (5, 8, 7);
insert into enroll (enroll_id, class_id, student_id) values (6, 1, 69);
insert into enroll (enroll_id, class_id, student_id) values (7, 2, 7);
insert into enroll (enroll_id, class_id, student_id) values (8, 2, 49);
insert into enroll (enroll_id, class_id, student_id) values (9, 9, 86);
insert into enroll (enroll_id, class_id, student_id) values (10, 2, 60);
insert into enroll (enroll_id, class_id, student_id) values (11, 9, 74);
insert into enroll (enroll_id, class_id, student_id) values (12, 9, 96);
insert into enroll (enroll_id, class_id, student_id) values (13, 8, 94);
insert into enroll (enroll_id, class_id, student_id) values (14, 2, 62);
insert into enroll (enroll_id, class_id, student_id) values (15, 3, 62);
insert into enroll (enroll_id, class_id, student_id) values (16, 3, 7);
insert into enroll (enroll_id, class_id, student_id) values (17, 1, 15);
insert into enroll (enroll_id, class_id, student_id) values (18, 8, 39);
insert into enroll (enroll_id, class_id, student_id) values (19, 7, 97);
insert into enroll (enroll_id, class_id, student_id) values (20, 5, 72);
insert into enroll (enroll_id, class_id, student_id) values (21, 9, 98);
insert into enroll (enroll_id, class_id, student_id) values (22, 5, 38);
insert into enroll (enroll_id, class_id, student_id) values (23, 8, 18);
insert into enroll (enroll_id, class_id, student_id) values (24, 10, 84);
insert into enroll (enroll_id, class_id, student_id) values (25, 4, 20);
insert into enroll (enroll_id, class_id, student_id) values (26, 7, 89);
insert into enroll (enroll_id, class_id, student_id) values (27, 8, 7);
insert into enroll (enroll_id, class_id, student_id) values (28, 9, 72);
insert into enroll (enroll_id, class_id, student_id) values (29, 5, 43);
insert into enroll (enroll_id, class_id, student_id) values (30, 4, 48);
insert into enroll (enroll_id, class_id, student_id) values (31, 2, 3);
insert into enroll (enroll_id, class_id, student_id) values (32, 9, 27);
insert into enroll (enroll_id, class_id, student_id) values (33, 8, 26);
insert into enroll (enroll_id, class_id, student_id) values (34, 9, 61);
insert into enroll (enroll_id, class_id, student_id) values (35, 10, 63);
insert into enroll (enroll_id, class_id, student_id) values (36, 3, 91);
insert into enroll (enroll_id, class_id, student_id) values (37, 10, 58);
insert into enroll (enroll_id, class_id, student_id) values (38, 10, 5);
insert into enroll (enroll_id, class_id, student_id) values (39, 5, 92);
insert into enroll (enroll_id, class_id, student_id) values (40, 3, 56);
insert into enroll (enroll_id, class_id, student_id) values (41, 6, 94);
insert into enroll (enroll_id, class_id, student_id) values (42, 3, 99);
insert into enroll (enroll_id, class_id, student_id) values (43, 2, 42);
insert into enroll (enroll_id, class_id, student_id) values (44, 2, 67);
insert into enroll (enroll_id, class_id, student_id) values (45, 9, 30);
insert into enroll (enroll_id, class_id, student_id) values (46, 10, 21);
insert into enroll (enroll_id, class_id, student_id) values (47, 10, 15);
insert into enroll (enroll_id, class_id, student_id) values (48, 9, 98);
insert into enroll (enroll_id, class_id, student_id) values (49, 10, 22);
insert into enroll (enroll_id, class_id, student_id) values (50, 7, 64);
insert into enroll (enroll_id, class_id, student_id) values (51, 7, 58);
insert into enroll (enroll_id, class_id, student_id) values (52, 2, 50);
insert into enroll (enroll_id, class_id, student_id) values (53, 1, 8);
insert into enroll (enroll_id, class_id, student_id) values (54, 2, 48);
insert into enroll (enroll_id, class_id, student_id) values (55, 1, 67);
insert into enroll (enroll_id, class_id, student_id) values (56, 8, 32);
insert into enroll (enroll_id, class_id, student_id) values (57, 5, 56);
insert into enroll (enroll_id, class_id, student_id) values (58, 3, 91);
insert into enroll (enroll_id, class_id, student_id) values (59, 1, 35);
insert into enroll (enroll_id, class_id, student_id) values (60, 2, 54);
insert into enroll (enroll_id, class_id, student_id) values (61, 6, 1);
insert into enroll (enroll_id, class_id, student_id) values (62, 2, 25);
insert into enroll (enroll_id, class_id, student_id) values (63, 2, 13);
insert into enroll (enroll_id, class_id, student_id) values (64, 1, 73);
insert into enroll (enroll_id, class_id, student_id) values (65, 6, 37);
insert into enroll (enroll_id, class_id, student_id) values (66, 4, 13);
insert into enroll (enroll_id, class_id, student_id) values (67, 9, 54);
insert into enroll (enroll_id, class_id, student_id) values (68, 7, 7);
insert into enroll (enroll_id, class_id, student_id) values (69, 7, 23);
insert into enroll (enroll_id, class_id, student_id) values (70, 8, 2);
insert into enroll (enroll_id, class_id, student_id) values (71, 6, 35);
insert into enroll (enroll_id, class_id, student_id) values (72, 6, 47);
insert into enroll (enroll_id, class_id, student_id) values (73, 3, 79);
insert into enroll (enroll_id, class_id, student_id) values (74, 2, 41);
insert into enroll (enroll_id, class_id, student_id) values (75, 10, 92);
insert into enroll (enroll_id, class_id, student_id) values (76, 6, 56);
insert into enroll (enroll_id, class_id, student_id) values (77, 10, 1);
insert into enroll (enroll_id, class_id, student_id) values (78, 10, 41);
insert into enroll (enroll_id, class_id, student_id) values (79, 10, 52);
insert into enroll (enroll_id, class_id, student_id) values (80, 7, 17);
insert into enroll (enroll_id, class_id, student_id) values (81, 6, 2);
insert into enroll (enroll_id, class_id, student_id) values (82, 9, 54);
insert into enroll (enroll_id, class_id, student_id) values (83, 9, 90);
insert into enroll (enroll_id, class_id, student_id) values (84, 4, 82);
insert into enroll (enroll_id, class_id, student_id) values (85, 2, 6);
insert into enroll (enroll_id, class_id, student_id) values (86, 10, 21);
insert into enroll (enroll_id, class_id, student_id) values (87, 7, 7);
insert into enroll (enroll_id, class_id, student_id) values (88, 9, 95);
insert into enroll (enroll_id, class_id, student_id) values (89, 10, 5);
insert into enroll (enroll_id, class_id, student_id) values (90, 3, 49);
insert into enroll (enroll_id, class_id, student_id) values (91, 8, 67);
insert into enroll (enroll_id, class_id, student_id) values (92, 9, 71);
insert into enroll (enroll_id, class_id, student_id) values (93, 9, 62);
insert into enroll (enroll_id, class_id, student_id) values (94, 4, 53);
insert into enroll (enroll_id, class_id, student_id) values (95, 1, 65);
insert into enroll (enroll_id, class_id, student_id) values (96, 4, 44);
insert into enroll (enroll_id, class_id, student_id) values (97, 9, 21);
insert into enroll (enroll_id, class_id, student_id) values (98, 7, 92);
insert into enroll (enroll_id, class_id, student_id) values (99, 10, 57);
insert into enroll (enroll_id, class_id, student_id) values (100, 6, 78);
insert into enroll (enroll_id, class_id, student_id) values (101, 2, 53);
insert into enroll (enroll_id, class_id, student_id) values (102, 1, 53);
insert into enroll (enroll_id, class_id, student_id) values (103, 1, 31);
insert into enroll (enroll_id, class_id, student_id) values (104, 7, 89);
insert into enroll (enroll_id, class_id, student_id) values (105, 7, 94);
insert into enroll (enroll_id, class_id, student_id) values (106, 2, 1);
insert into enroll (enroll_id, class_id, student_id) values (107, 4, 4);
insert into enroll (enroll_id, class_id, student_id) values (108, 9, 71);
insert into enroll (enroll_id, class_id, student_id) values (109, 8, 55);
insert into enroll (enroll_id, class_id, student_id) values (110, 8, 44);
insert into enroll (enroll_id, class_id, student_id) values (111, 8, 60);
insert into enroll (enroll_id, class_id, student_id) values (112, 9, 33);
insert into enroll (enroll_id, class_id, student_id) values (113, 1, 82);
insert into enroll (enroll_id, class_id, student_id) values (114, 7, 89);
insert into enroll (enroll_id, class_id, student_id) values (115, 7, 31);
insert into enroll (enroll_id, class_id, student_id) values (116, 4, 90);
insert into enroll (enroll_id, class_id, student_id) values (117, 6, 30);
insert into enroll (enroll_id, class_id, student_id) values (118, 2, 6);
insert into enroll (enroll_id, class_id, student_id) values (119, 7, 60);
insert into enroll (enroll_id, class_id, student_id) values (120, 9, 65);
insert into enroll (enroll_id, class_id, student_id) values (121, 3, 89);
insert into enroll (enroll_id, class_id, student_id) values (122, 7, 56);
insert into enroll (enroll_id, class_id, student_id) values (123, 1, 15);
insert into enroll (enroll_id, class_id, student_id) values (124, 10, 53);
insert into enroll (enroll_id, class_id, student_id) values (125, 4, 97);
insert into enroll (enroll_id, class_id, student_id) values (126, 9, 17);
insert into enroll (enroll_id, class_id, student_id) values (127, 9, 69);
insert into enroll (enroll_id, class_id, student_id) values (128, 5, 33);
insert into enroll (enroll_id, class_id, student_id) values (129, 3, 55);
insert into enroll (enroll_id, class_id, student_id) values (130, 5, 15);
insert into enroll (enroll_id, class_id, student_id) values (131, 6, 20);
insert into enroll (enroll_id, class_id, student_id) values (132, 2, 44);
insert into enroll (enroll_id, class_id, student_id) values (133, 4, 60);
insert into enroll (enroll_id, class_id, student_id) values (134, 8, 31);
insert into enroll (enroll_id, class_id, student_id) values (135, 8, 21);
insert into enroll (enroll_id, class_id, student_id) values (136, 10, 17);
insert into enroll (enroll_id, class_id, student_id) values (137, 10, 9);
insert into enroll (enroll_id, class_id, student_id) values (138, 8, 85);
insert into enroll (enroll_id, class_id, student_id) values (139, 1, 63);
insert into enroll (enroll_id, class_id, student_id) values (140, 6, 22);
insert into enroll (enroll_id, class_id, student_id) values (141, 1, 11);
insert into enroll (enroll_id, class_id, student_id) values (142, 9, 61);
insert into enroll (enroll_id, class_id, student_id) values (143, 3, 56);
insert into enroll (enroll_id, class_id, student_id) values (144, 6, 11);
insert into enroll (enroll_id, class_id, student_id) values (145, 3, 89);
insert into enroll (enroll_id, class_id, student_id) values (146, 7, 92);
insert into enroll (enroll_id, class_id, student_id) values (147, 3, 20);
insert into enroll (enroll_id, class_id, student_id) values (148, 2, 98);
insert into enroll (enroll_id, class_id, student_id) values (149, 6, 53);
insert into enroll (enroll_id, class_id, student_id) values (150, 5, 37);
insert into enroll (enroll_id, class_id, student_id) values (151, 5, 51);
insert into enroll (enroll_id, class_id, student_id) values (152, 1, 38);
insert into enroll (enroll_id, class_id, student_id) values (153, 8, 64);
insert into enroll (enroll_id, class_id, student_id) values (154, 5, 37);
insert into enroll (enroll_id, class_id, student_id) values (155, 1, 76);
insert into enroll (enroll_id, class_id, student_id) values (156, 3, 79);
insert into enroll (enroll_id, class_id, student_id) values (157, 2, 81);
insert into enroll (enroll_id, class_id, student_id) values (158, 3, 21);
insert into enroll (enroll_id, class_id, student_id) values (159, 9, 91);
insert into enroll (enroll_id, class_id, student_id) values (160, 8, 47);
insert into enroll (enroll_id, class_id, student_id) values (161, 6, 44);
insert into enroll (enroll_id, class_id, student_id) values (162, 5, 46);
insert into enroll (enroll_id, class_id, student_id) values (163, 10, 43);
insert into enroll (enroll_id, class_id, student_id) values (164, 9, 83);
insert into enroll (enroll_id, class_id, student_id) values (165, 5, 76);
insert into enroll (enroll_id, class_id, student_id) values (166, 3, 97);
insert into enroll (enroll_id, class_id, student_id) values (167, 9, 29);
insert into enroll (enroll_id, class_id, student_id) values (168, 3, 46);
insert into enroll (enroll_id, class_id, student_id) values (169, 1, 60);
insert into enroll (enroll_id, class_id, student_id) values (170, 5, 42);
insert into enroll (enroll_id, class_id, student_id) values (171, 1, 64);
insert into enroll (enroll_id, class_id, student_id) values (172, 2, 79);
insert into enroll (enroll_id, class_id, student_id) values (173, 3, 32);
insert into enroll (enroll_id, class_id, student_id) values (174, 1, 17);
insert into enroll (enroll_id, class_id, student_id) values (175, 3, 83);
insert into enroll (enroll_id, class_id, student_id) values (176, 10, 18);
insert into enroll (enroll_id, class_id, student_id) values (177, 6, 92);
insert into enroll (enroll_id, class_id, student_id) values (178, 7, 19);
insert into enroll (enroll_id, class_id, student_id) values (179, 9, 20);
insert into enroll (enroll_id, class_id, student_id) values (180, 2, 43);
insert into enroll (enroll_id, class_id, student_id) values (181, 3, 58);
insert into enroll (enroll_id, class_id, student_id) values (182, 6, 8);
insert into enroll (enroll_id, class_id, student_id) values (183, 6, 11);
insert into enroll (enroll_id, class_id, student_id) values (184, 7, 40);
insert into enroll (enroll_id, class_id, student_id) values (185, 5, 43);
insert into enroll (enroll_id, class_id, student_id) values (186, 8, 68);
insert into enroll (enroll_id, class_id, student_id) values (187, 4, 12);
insert into enroll (enroll_id, class_id, student_id) values (188, 5, 64);
insert into enroll (enroll_id, class_id, student_id) values (189, 5, 65);
insert into enroll (enroll_id, class_id, student_id) values (190, 5, 51);
insert into enroll (enroll_id, class_id, student_id) values (191, 3, 88);
insert into enroll (enroll_id, class_id, student_id) values (192, 8, 96);
insert into enroll (enroll_id, class_id, student_id) values (193, 4, 51);
insert into enroll (enroll_id, class_id, student_id) values (194, 1, 5);
insert into enroll (enroll_id, class_id, student_id) values (195, 6, 15);
insert into enroll (enroll_id, class_id, student_id) values (196, 4, 26);
insert into enroll (enroll_id, class_id, student_id) values (197, 4, 58);
insert into enroll (enroll_id, class_id, student_id) values (198, 10, 76);
insert into enroll (enroll_id, class_id, student_id) values (199, 7, 9);
insert into enroll (enroll_id, class_id, student_id) values (200, 9, 2);
insert into enroll (enroll_id, class_id, student_id) values (201, 6, 70);
insert into enroll (enroll_id, class_id, student_id) values (202, 3, 90);
insert into enroll (enroll_id, class_id, student_id) values (203, 1, 31);
insert into enroll (enroll_id, class_id, student_id) values (204, 7, 100);
insert into enroll (enroll_id, class_id, student_id) values (205, 7, 57);
insert into enroll (enroll_id, class_id, student_id) values (206, 10, 51);
insert into enroll (enroll_id, class_id, student_id) values (207, 3, 47);
insert into enroll (enroll_id, class_id, student_id) values (208, 3, 71);
insert into enroll (enroll_id, class_id, student_id) values (209, 3, 32);
insert into enroll (enroll_id, class_id, student_id) values (210, 9, 87);
insert into enroll (enroll_id, class_id, student_id) values (211, 8, 28);
insert into enroll (enroll_id, class_id, student_id) values (212, 9, 28);
insert into enroll (enroll_id, class_id, student_id) values (213, 3, 13);
insert into enroll (enroll_id, class_id, student_id) values (214, 3, 84);
insert into enroll (enroll_id, class_id, student_id) values (215, 8, 7);
insert into enroll (enroll_id, class_id, student_id) values (216, 1, 35);
insert into enroll (enroll_id, class_id, student_id) values (217, 5, 37);
insert into enroll (enroll_id, class_id, student_id) values (218, 4, 96);
insert into enroll (enroll_id, class_id, student_id) values (219, 2, 49);
insert into enroll (enroll_id, class_id, student_id) values (220, 1, 39);
insert into enroll (enroll_id, class_id, student_id) values (221, 1, 14);
insert into enroll (enroll_id, class_id, student_id) values (222, 6, 3);
insert into enroll (enroll_id, class_id, student_id) values (223, 5, 85);
insert into enroll (enroll_id, class_id, student_id) values (224, 2, 99);
insert into enroll (enroll_id, class_id, student_id) values (225, 8, 32);
insert into enroll (enroll_id, class_id, student_id) values (226, 9, 6);
insert into enroll (enroll_id, class_id, student_id) values (227, 8, 93);
insert into enroll (enroll_id, class_id, student_id) values (228, 6, 78);
insert into enroll (enroll_id, class_id, student_id) values (229, 10, 95);
insert into enroll (enroll_id, class_id, student_id) values (230, 6, 93);
insert into enroll (enroll_id, class_id, student_id) values (231, 4, 91);
insert into enroll (enroll_id, class_id, student_id) values (232, 8, 88);
insert into enroll (enroll_id, class_id, student_id) values (233, 10, 59);
insert into enroll (enroll_id, class_id, student_id) values (234, 6, 37);
insert into enroll (enroll_id, class_id, student_id) values (235, 7, 16);
insert into enroll (enroll_id, class_id, student_id) values (236, 6, 2);
insert into enroll (enroll_id, class_id, student_id) values (237, 10, 10);
insert into enroll (enroll_id, class_id, student_id) values (238, 2, 18);
insert into enroll (enroll_id, class_id, student_id) values (239, 7, 48);
insert into enroll (enroll_id, class_id, student_id) values (240, 7, 21);
insert into enroll (enroll_id, class_id, student_id) values (241, 6, 24);
insert into enroll (enroll_id, class_id, student_id) values (242, 6, 17);
insert into enroll (enroll_id, class_id, student_id) values (243, 10, 56);
insert into enroll (enroll_id, class_id, student_id) values (244, 1, 31);
insert into enroll (enroll_id, class_id, student_id) values (245, 2, 84);
insert into enroll (enroll_id, class_id, student_id) values (246, 10, 50);
insert into enroll (enroll_id, class_id, student_id) values (247, 10, 33);
insert into enroll (enroll_id, class_id, student_id) values (248, 5, 29);
insert into enroll (enroll_id, class_id, student_id) values (249, 5, 65);
insert into enroll (enroll_id, class_id, student_id) values (250, 1, 87);
insert into enroll (enroll_id, class_id, student_id) values (251, 10, 66);
insert into enroll (enroll_id, class_id, student_id) values (252, 3, 64);
insert into enroll (enroll_id, class_id, student_id) values (253, 6, 62);
insert into enroll (enroll_id, class_id, student_id) values (254, 2, 10);
insert into enroll (enroll_id, class_id, student_id) values (255, 2, 92);
insert into enroll (enroll_id, class_id, student_id) values (256, 6, 19);
insert into enroll (enroll_id, class_id, student_id) values (257, 1, 98);
insert into enroll (enroll_id, class_id, student_id) values (258, 2, 8);
insert into enroll (enroll_id, class_id, student_id) values (259, 3, 49);
insert into enroll (enroll_id, class_id, student_id) values (260, 6, 10);
insert into enroll (enroll_id, class_id, student_id) values (261, 5, 3);
insert into enroll (enroll_id, class_id, student_id) values (262, 7, 43);
insert into enroll (enroll_id, class_id, student_id) values (263, 3, 87);
insert into enroll (enroll_id, class_id, student_id) values (264, 5, 97);
insert into enroll (enroll_id, class_id, student_id) values (265, 3, 42);
insert into enroll (enroll_id, class_id, student_id) values (266, 10, 71);
insert into enroll (enroll_id, class_id, student_id) values (267, 10, 79);
insert into enroll (enroll_id, class_id, student_id) values (268, 1, 22);
insert into enroll (enroll_id, class_id, student_id) values (269, 3, 52);
insert into enroll (enroll_id, class_id, student_id) values (270, 7, 2);
insert into enroll (enroll_id, class_id, student_id) values (271, 10, 67);
insert into enroll (enroll_id, class_id, student_id) values (272, 6, 48);
insert into enroll (enroll_id, class_id, student_id) values (273, 2, 46);
insert into enroll (enroll_id, class_id, student_id) values (274, 8, 25);
insert into enroll (enroll_id, class_id, student_id) values (275, 3, 92);
insert into enroll (enroll_id, class_id, student_id) values (276, 2, 70);
insert into enroll (enroll_id, class_id, student_id) values (277, 9, 66);
insert into enroll (enroll_id, class_id, student_id) values (278, 1, 58);
insert into enroll (enroll_id, class_id, student_id) values (279, 10, 81);
insert into enroll (enroll_id, class_id, student_id) values (280, 3, 32);
insert into enroll (enroll_id, class_id, student_id) values (281, 9, 61);
insert into enroll (enroll_id, class_id, student_id) values (282, 5, 85);
insert into enroll (enroll_id, class_id, student_id) values (283, 7, 43);
insert into enroll (enroll_id, class_id, student_id) values (284, 9, 31);
insert into enroll (enroll_id, class_id, student_id) values (285, 7, 39);
insert into enroll (enroll_id, class_id, student_id) values (286, 5, 93);
insert into enroll (enroll_id, class_id, student_id) values (287, 6, 59);
insert into enroll (enroll_id, class_id, student_id) values (288, 3, 8);
insert into enroll (enroll_id, class_id, student_id) values (289, 7, 80);
insert into enroll (enroll_id, class_id, student_id) values (290, 6, 23);
insert into enroll (enroll_id, class_id, student_id) values (291, 1, 6);
insert into enroll (enroll_id, class_id, student_id) values (292, 9, 64);
insert into enroll (enroll_id, class_id, student_id) values (293, 10, 79);
insert into enroll (enroll_id, class_id, student_id) values (294, 10, 62);
insert into enroll (enroll_id, class_id, student_id) values (295, 7, 64);
insert into enroll (enroll_id, class_id, student_id) values (296, 4, 92);
insert into enroll (enroll_id, class_id, student_id) values (297, 10, 3);
insert into enroll (enroll_id, class_id, student_id) values (298, 3, 11);
insert into enroll (enroll_id, class_id, student_id) values (299, 9, 13);
insert into enroll (enroll_id, class_id, student_id) values (300, 8, 66);
